<?xml version="1.0" encoding="UTF-8" standalone="yes"?>
<businessObjectModel modelVersion="1.0" productVersion="7.2.0.beta-02">
    <businessObjects>
        <businessObject qualifiedName="com.cantv.model.Solicitud">
            <fields>
                <field type="STRING" length="255" name="empresaSolicitante" nullable="true" collection="false"/>
                <field type="STRING" length="255" name="nombreSolicitante" nullable="true" collection="false"/>
                <field type="STRING" length="255" name="apellidoSolicitante" nullable="true" collection="false"/>
                <field type="STRING" length="255" name="cedulaSolicitante" nullable="true" collection="false"/>
                <field type="STRING" length="255" name="usuarioSAPSolicitante" nullable="true" collection="false"/>
                <field type="STRING" length="255" name="cargoSolicitante" nullable="true" collection="false"/>
                <field type="STRING" length="255" name="telefonoOficinaSolicitante" nullable="true" collection="false"/>
                <field type="STRING" length="255" name="telefonoCelularSolicitante" nullable="true" collection="false"/>
                <field type="STRING" length="255" name="correoElectronicoSolicitante" nullable="true" collection="false"/>
                <field type="STRING" length="255" name="gerenciaGeneralVicepresidenciaSolicitante" nullable="true" collection="false"/>
                <field type="STRING" length="255" name="gerencia1erNivel2doNivelSolicitante" nullable="true" collection="false"/>
                <field type="STRING" length="255" name="edificioSolicitante" nullable="true" collection="false"/>
                <field type="STRING" length="255" name="pisoSolicitante" nullable="true" collection="false"/>
                <field type="STRING" length="255" name="alaSolicitante" nullable="true" collection="false"/>
                <field type="STRING" length="255" name="empresaLiderProyecto" nullable="true" collection="false"/>
                <field type="STRING" length="255" name="nombreLiderProyecto" nullable="true" collection="false"/>
                <field type="STRING" length="255" name="apellidoLiderProyecto" nullable="true" collection="false"/>
                <field type="STRING" length="255" name="cedulaLiderProyecto" nullable="true" collection="false"/>
                <field type="STRING" length="255" name="usuarioSAPLiderProyecto" nullable="true" collection="false"/>
                <field type="STRING" length="255" name="cargoLiderProyecto" nullable="true" collection="false"/>
                <field type="STRING" length="255" name="telefonoOficinaLiderProyecto" nullable="true" collection="false"/>
                <field type="STRING" length="255" name="telefonoCelularLiderProyecto" nullable="true" collection="false"/>
                <field type="STRING" length="255" name="correoElectronicoLiderProyecto" nullable="true" collection="false"/>
                <field type="STRING" length="255" name="gerenciaGeneralVicepresidenciaLiderProyecto" nullable="true" collection="false"/>
                <field type="STRING" length="255" name="gerencia1erNivel2doNivelLiderProyecto" nullable="true" collection="false"/>
                <field type="STRING" length="255" name="edificioLiderProyecto" nullable="true" collection="false"/>
                <field type="STRING" length="255" name="pisoLiderProyecto" nullable="true" collection="false"/>
                <field type="STRING" length="255" name="alaLiderProyecto" nullable="true" collection="false"/>
                <field type="STRING" length="255" name="empresaGerenteAreaSolicitante" nullable="true" collection="false"/>
                <field type="STRING" length="255" name="nombreGerenteAreaSolicitante" nullable="true" collection="false"/>
                <field type="STRING" length="255" name="apellidoGerenteAreaSolicitante" nullable="true" collection="false"/>
                <field type="STRING" length="255" name="cedulaGerenteAreaSolicitante" nullable="true" collection="false"/>
                <field type="STRING" length="255" name="usuarioSAPGerenteAreaSolicitante" nullable="true" collection="false"/>
                <field type="STRING" length="255" name="cargoGerenteAreaSolicitante" nullable="true" collection="false"/>
                <field type="STRING" length="255" name="telefonoOficinaGerenteAreaSolicitante" nullable="true" collection="false"/>
                <field type="STRING" length="255" name="telefonoCelularGerenteAreaSolicitante" nullable="true" collection="false"/>
                <field type="STRING" length="255" name="correoElectronicoGerenteAreaSolicitante" nullable="true" collection="false"/>
                <field type="STRING" length="255" name="gerenciaGeneralGerenteAreaSoliciante" nullable="true" collection="false"/>
                <field type="STRING" length="255" name="gerencia1erNivel2doNivelGerenteAreaSolicitante" nullable="true" collection="false"/>
                <field type="STRING" length="255" name="edificioGerenteAreaSolicitante" nullable="true" collection="false"/>
                <field type="STRING" length="255" name="pisoGerenteAreaSolicitante" nullable="true" collection="false"/>
                <field type="STRING" length="255" name="alaGerenteAreaSolicitante" nullable="true" collection="false"/>
                <field type="STRING" length="255" name="nombreProyecto" nullable="true" collection="false"/>
                <field type="STRING" length="255" name="descripcionProyecto" nullable="true" collection="false"/>
                <field type="LONG" length="255" name="solicitanteId" nullable="true" collection="false"/>
                <field type="STRING" length="255" name="loginSolicitante" nullable="true" collection="false"/>
                <field type="STRING" length="255" name="contrasenaSolicitante" nullable="true" collection="false"/>
                <field type="TEXT" length="255" name="alcanceServicio" nullable="true" collection="false"/>
                <field type="STRING" length="255" name="tipoSolicitud" nullable="true" collection="false"/>
                <field type="TEXT" length="255" name="motivoRechazo" nullable="true" collection="false"/>
            </fields>
            <uniqueConstraints/>
            <queries/>
            <indexes/>
        </businessObject>
        <businessObject qualifiedName="com.cantv.model.Minuta">
            <fields>
                <field type="LOCALDATE" length="255" name="fechaReunion" nullable="true" collection="false"/>
                <field type="STRING" length="255" name="lugar" nullable="true" collection="false"/>
                <field type="STRING" length="255" name="hora" nullable="true" collection="false"/>
                <field type="STRING" length="255" name="organizadaPor" nullable="true" collection="false"/>
                <field type="STRING" length="255" name="temaTratado" nullable="true" collection="false"/>
                <field type="TEXT" length="255" name="puntosTratados" nullable="true" collection="false"/>
                <relationField type="COMPOSITION" reference="com.cantv.model.MinutaAsistentes" fetchType="LAZY" name="lines" nullable="true" collection="true"/>
                <relationField type="COMPOSITION" reference="com.cantv.model.MinutaAcuerdos" fetchType="LAZY" name="liines" nullable="true" collection="true"/>
                <field type="BOOLEAN" length="255" name="aprobado" nullable="true" collection="false"/>
            </fields>
            <uniqueConstraints/>
            <queries/>
            <indexes/>
        </businessObject>
        <businessObject qualifiedName="com.cantv.model.MinutaAsistentes">
            <fields>
                <field type="STRING" length="255" name="nombreApellido" nullable="true" collection="false"/>
                <field type="STRING" length="255" name="nombreUnidad" nullable="true" collection="false"/>
                <field type="STRING" length="255" name="correoElectronico" nullable="true" collection="false"/>
                <field type="STRING" length="255" name="numeroTelefonico" nullable="true" collection="false"/>
            </fields>
            <uniqueConstraints/>
            <queries/>
            <indexes/>
        </businessObject>
        <businessObject qualifiedName="com.cantv.model.MinutaAcuerdos">
            <fields>
                <field type="STRING" length="255" name="acuerdoCompromiso" nullable="true" collection="false"/>
                <field type="STRING" length="255" name="responsable" nullable="true" collection="false"/>
                <field type="STRING" length="255" name="aEnviar" nullable="true" collection="false"/>
                <field type="LOCALDATE" length="255" name="fechaEntregable" nullable="true" collection="false"/>
            </fields>
            <uniqueConstraints/>
            <queries/>
            <indexes/>
        </businessObject>
        <businessObject qualifiedName="com.cantv.model.registroContacto">
            <fields>
                <field type="STRING" length="255" name="temaTratado" nullable="true" collection="false"/>
                <field type="STRING" length="255" name="descripcion" nullable="true" collection="false"/>
            </fields>
            <uniqueConstraints/>
            <queries/>
            <indexes/>
        </businessObject>
        <businessObject qualifiedName="com.cantv.model.Especialista">
            <fields>
                <field type="STRING" length="255" name="especialista" nullable="true" collection="false"/>
            </fields>
            <uniqueConstraints/>
            <queries/>
            <indexes/>
        </businessObject>
        <businessObject qualifiedName="com.cantv.model.TratamientoPlan">
            <fields>
                <field type="TEXT" length="255" name="observacionesReq1" nullable="true" collection="false"/>
                <field type="LOCALDATE" length="255" name="fechaPlanReq1" nullable="true" collection="false"/>
                <field type="LOCALDATE" length="255" name="fechaRealReq1" nullable="true" collection="false"/>
                <field type="BOOLEAN" length="255" name="aplicaReq1" nullable="true" collection="false"/>
                <field type="LOCALDATE" length="255" name="fechaPlanReq2" nullable="true" collection="false"/>
                <field type="LOCALDATE" length="255" name="fechaRealReq2" nullable="true" collection="false"/>
                <field type="BOOLEAN" length="255" name="aplicaReq2" nullable="true" collection="false"/>
                <field type="TEXT" length="255" name="observacionesReq2" nullable="true" collection="false"/>
                <field type="LOCALDATE" length="255" name="fechaPlanReq3" nullable="true" collection="false"/>
                <field type="LOCALDATE" length="255" name="fechaRealReq3" nullable="true" collection="false"/>
                <field type="BOOLEAN" length="255" name="aplicaReq3" nullable="true" collection="false"/>
                <field type="TEXT" length="255" name="observacionesReq3" nullable="true" collection="false"/>
                <field type="LOCALDATE" length="255" name="fechaPlanReq4" nullable="true" collection="false"/>
                <field type="LOCALDATE" length="255" name="fechaRealReq4" nullable="true" collection="false"/>
                <field type="BOOLEAN" length="255" name="aplicaReq4" nullable="true" collection="false"/>
                <field type="TEXT" length="255" name="observacionesReq4" nullable="true" collection="false"/>
                <field type="LOCALDATE" length="255" name="fechaPlanReq5" nullable="true" collection="false"/>
                <field type="LOCALDATE" length="255" name="fechaRealReq5" nullable="true" collection="false"/>
                <field type="BOOLEAN" length="255" name="aplicaReq5" nullable="true" collection="false"/>
                <field type="TEXT" length="255" name="observacionesReq5" nullable="true" collection="false"/>
                <field type="LOCALDATE" length="255" name="fechaPlanReq6" nullable="true" collection="false"/>
                <field type="LOCALDATE" length="255" name="fechaRealReq6" nullable="true" collection="false"/>
                <field type="BOOLEAN" length="255" name="aplicaReq6" nullable="true" collection="false"/>
                <field type="TEXT" length="255" name="observacionesReq6" nullable="true" collection="false"/>
                <field type="LOCALDATE" length="255" name="fechaPlanReq7" nullable="true" collection="false"/>
                <field type="LOCALDATE" length="255" name="fechaRealReq7" nullable="true" collection="false"/>
                <field type="BOOLEAN" length="255" name="aplicaReq7" nullable="true" collection="false"/>
                <field type="TEXT" length="255" name="obversacionesReq7" nullable="true" collection="false"/>
                <field type="LOCALDATE" length="255" name="fechaPlanReq8" nullable="true" collection="false"/>
                <field type="LOCALDATE" length="255" name="fechaRealReq8" nullable="true" collection="false"/>
                <field type="BOOLEAN" length="255" name="aplicaReq8" nullable="true" collection="false"/>
                <field type="TEXT" length="255" name="observacionesReq8" nullable="true" collection="false"/>
                <field type="LOCALDATE" length="255" name="fechaPlanReq9" nullable="true" collection="false"/>
                <field type="LOCALDATE" length="255" name="fechaRealReq9" nullable="true" collection="false"/>
                <field type="BOOLEAN" length="255" name="aplicaReq9" nullable="true" collection="false"/>
                <field type="TEXT" length="255" name="observacionesReq9" nullable="true" collection="false"/>
                <field type="LOCALDATE" length="255" name="fechaPlanReq10" nullable="true" collection="false"/>
                <field type="LOCALDATE" length="255" name="fechaRealReq10" nullable="true" collection="false"/>
                <field type="BOOLEAN" length="255" name="aplicaReq10" nullable="true" collection="false"/>
                <field type="TEXT" length="255" name="observacionesReq10" nullable="true" collection="false"/>
                <field type="LOCALDATE" length="255" name="fechaPlanReq11" nullable="true" collection="false"/>
                <field type="LOCALDATE" length="255" name="fechaRealReq11" nullable="true" collection="false"/>
                <field type="BOOLEAN" length="255" name="aplicaReq11" nullable="true" collection="false"/>
                <field type="TEXT" length="255" name="observacionesReq11" nullable="true" collection="false"/>
                <field type="LOCALDATE" length="255" name="fechaPlanReq12" nullable="true" collection="false"/>
                <field type="LOCALDATE" length="255" name="fechaRealReq12" nullable="true" collection="false"/>
                <field type="BOOLEAN" length="255" name="aplicaReq12" nullable="true" collection="false"/>
                <field type="TEXT" length="255" name="observacionesReq12" nullable="true" collection="false"/>
                <field type="LOCALDATE" length="255" name="fechaPlanReq13" nullable="true" collection="false"/>
                <field type="LOCALDATE" length="255" name="fechaRealReq13" nullable="true" collection="false"/>
                <field type="BOOLEAN" length="255" name="aplicaReq13" nullable="true" collection="false"/>
                <field type="TEXT" length="255" name="observacionesReq13" nullable="true" collection="false"/>
                <field type="LOCALDATE" length="255" name="fechaPlanReq14" nullable="true" collection="false"/>
                <field type="LOCALDATE" length="255" name="fechaRealReq14" nullable="true" collection="false"/>
                <field type="BOOLEAN" length="255" name="aplicaReq14" nullable="true" collection="false"/>
                <field type="TEXT" length="255" name="observacionesReq14" nullable="true" collection="false"/>
                <field type="LOCALDATE" length="255" name="fechaPlanReq15" nullable="true" collection="false"/>
                <field type="LOCALDATE" length="255" name="fechaRealReq15" nullable="true" collection="false"/>
                <field type="BOOLEAN" length="255" name="aplicaReq15" nullable="true" collection="false"/>
                <field type="TEXT" length="255" name="observacionesReq15" nullable="true" collection="false"/>
                <field type="LOCALDATE" length="255" name="fechaPlanReq16" nullable="true" collection="false"/>
                <field type="LOCALDATE" length="255" name="fechaRealReq16" nullable="true" collection="false"/>
                <field type="BOOLEAN" length="255" name="aplicaReq16" nullable="true" collection="false"/>
                <field type="TEXT" length="255" name="observacionesReq16" nullable="true" collection="false"/>
                <field type="LOCALDATE" length="255" name="fechaPlanReq17" nullable="true" collection="false"/>
                <field type="LOCALDATE" length="255" name="fechaRealReq17" nullable="true" collection="false"/>
                <field type="BOOLEAN" length="255" name="aplicaReq17" nullable="true" collection="false"/>
                <field type="TEXT" length="255" name="observacionesReq17" nullable="true" collection="false"/>
                <field type="LOCALDATE" length="255" name="fechaPlanReq18" nullable="true" collection="false"/>
                <field type="LOCALDATE" length="255" name="fechaRealReq18" nullable="true" collection="false"/>
                <field type="BOOLEAN" length="255" name="aplicaReq18" nullable="true" collection="false"/>
                <field type="TEXT" length="255" name="observacionesReq18" nullable="true" collection="false"/>
                <field type="LOCALDATE" length="255" name="fechaPlanReq19" nullable="true" collection="false"/>
                <field type="LOCALDATE" length="255" name="fechaRealReq19" nullable="true" collection="false"/>
                <field type="BOOLEAN" length="255" name="aplicaReq19" nullable="true" collection="false"/>
                <field type="TEXT" length="255" name="observacionesReq19" nullable="true" collection="false"/>
                <field type="LOCALDATE" length="255" name="fechaPlanReq20" nullable="true" collection="false"/>
                <field type="LOCALDATE" length="255" name="fechaRealReq20" nullable="true" collection="false"/>
                <field type="BOOLEAN" length="255" name="aplicaReq20" nullable="true" collection="false"/>
                <field type="TEXT" length="255" name="observacionesReq20" nullable="true" collection="false"/>
                <field type="LOCALDATE" length="255" name="fechaEstimada" nullable="true" collection="false"/>
                <field type="BOOLEAN" length="255" name="aprobado" nullable="true" collection="false"/>
            </fields>
            <uniqueConstraints/>
            <queries/>
            <indexes/>
        </businessObject>
    </businessObjects>
</businessObjectModel>
